{"cameraMode":{"drawMode":0,"name":"Shaded","section":"Shading Mode"},"sceneLighting":true,"audioPlay":false,"sceneViewState":{"m_AlwaysRefresh":false,"showFog":true,"showSkybox":true,"showFlares":true,"showImageEffects":true,"showParticleSystems":true,"showVisualEffectGraphs":true,"m_FxEnabled":true},"in2DMode":false,"pivot":{"x":3.9412105083465578,"y":-27.180709838867189,"z":27.385326385498048},"rotation":{"x":0.3792727589607239,"y":0.04023079574108124,"z":-0.016508808359503747,"w":0.9242628812789917},"size":29.762720108032228,"orthographic":false}